<?xml version="1.0" encoding="utf-8" standalone="yes"?>
<rss version="2.0" xmlns:atom="http://www.w3.org/2005/Atom">
  <channel>
    <title>Categories on 西鱿官方网站</title>
    <link>https://www.seayo.com/categories/</link>
    <description>Recent content in Categories on 西鱿官方网站</description>
    <generator>Hugo -- gohugo.io</generator>
    <language>zh-cn</language>
    <copyright>Copyright (c) 2025 Seayo</copyright>
    <lastBuildDate>Wed, 07 Aug 2024 16:27:22 +0200</lastBuildDate>
    <atom:link href="https://www.seayo.com/categories/index.xml" rel="self" type="application/rss+xml" />
    <item>
      <title>龍系列</title>
      <link>https://www.seayo.com/categories/%E9%BE%8D%E7%B3%BB%E5%88%97/</link>
      <pubDate>Wed, 07 Aug 2024 16:27:22 +0200</pubDate>
      <guid>https://www.seayo.com/categories/%E9%BE%8D%E7%B3%BB%E5%88%97/</guid>
      <description></description>
    </item>
    <item>
      <title>配件</title>
      <link>https://www.seayo.com/categories/%E9%85%8D%E4%BB%B6/</link>
      <pubDate>Thu, 07 Sep 2023 16:27:22 +0200</pubDate>
      <guid>https://www.seayo.com/categories/%E9%85%8D%E4%BB%B6/</guid>
      <description></description>
    </item>
    <item>
      <title>妖系列</title>
      <link>https://www.seayo.com/categories/%E5%A6%96%E7%B3%BB%E5%88%97/</link>
      <pubDate>Thu, 07 Sep 2023 16:27:22 +0200</pubDate>
      <guid>https://www.seayo.com/categories/%E5%A6%96%E7%B3%BB%E5%88%97/</guid>
      <description></description>
    </item>
    <item>
      <title>梦系列</title>
      <link>https://www.seayo.com/categories/%E6%A2%A6%E7%B3%BB%E5%88%97/</link>
      <pubDate>Wed, 07 Sep 2022 16:27:22 +0200</pubDate>
      <guid>https://www.seayo.com/categories/%E6%A2%A6%E7%B3%BB%E5%88%97/</guid>
      <description></description>
    </item>
  </channel>
</rss>
