<?xml version="1.0" encoding="utf-8" standalone="yes"?>
<rss version="2.0" xmlns:atom="http://www.w3.org/2005/Atom">
  <channel>
    <title>Guides on 西鱿官方网站</title>
    <link>https://www.seayo.com/docs/guides/</link>
    <description>Recent content in Guides on 西鱿官方网站</description>
    <generator>Hugo -- gohugo.io</generator>
    <language>zh-cn</language>
    <copyright>Copyright (c) 2025 Seayo</copyright>
    <lastBuildDate>Thu, 07 Sep 2023 16:04:48 +0200</lastBuildDate>
    <atom:link href="https://www.seayo.com/docs/guides/index.xml" rel="self" type="application/rss+xml" />
    <item>
      <title>Example Guide</title>
      <link>https://www.seayo.com/docs/guides/example-guide/</link>
      <pubDate>Thu, 07 Sep 2023 16:04:48 +0200</pubDate>
      <guid>https://www.seayo.com/docs/guides/example-guide/</guid>
      <description>Guides lead a user through a specific task they want to accomplish, often with a sequence of steps. Writing a good guide requires thinking about what your users are trying to do.</description>
    </item>
  </channel>
</rss>
