<?xml version="1.0" encoding="utf-8" standalone="yes"?>
<rss version="2.0" xmlns:atom="http://www.w3.org/2005/Atom">
  <channel>
    <title>西鱿官方网站</title>
    <link>https://www.seayo.com/en/</link>
    <description>Recent content on 西鱿官方网站</description>
    <generator>Hugo -- gohugo.io</generator>
    <language>en</language>
    <copyright>Copyright (c) 2025 Seayo</copyright>
    <atom:link href="https://www.seayo.com/en/index.xml" rel="self" type="application/rss+xml" />
  </channel>
</rss>
