<?xml version="1.0" encoding="utf-8" standalone="yes"?>
<rss version="2.0" xmlns:atom="http://www.w3.org/2005/Atom">
  <channel>
    <title>龍系列 on 西鱿官方网站</title>
    <link>https://www.seayo.com/categories/%E9%BE%8D%E7%B3%BB%E5%88%97/</link>
    <description>Recent content in 龍系列 on 西鱿官方网站</description>
    <generator>Hugo -- gohugo.io</generator>
    <language>zh-cn</language>
    <copyright>Copyright (c) 2025 Seayo</copyright>
    <lastBuildDate>Wed, 07 Aug 2024 16:27:22 +0200</lastBuildDate>
    <atom:link href="https://www.seayo.com/categories/%E9%BE%8D%E7%B3%BB%E5%88%97/index.xml" rel="self" type="application/rss+xml" />
    <item>
      <title>西鱿龍系列木虾</title>
      <link>https://www.seayo.com/products/dragon08/</link>
      <pubDate>Wed, 07 Aug 2024 16:27:22 +0200</pubDate>
      <guid>https://www.seayo.com/products/dragon08/</guid>
      <description>日本伞钩 21g 490nm夜光 带响珠</description>
    </item>
  </channel>
</rss>
