<?xml version="1.0" encoding="utf-8" standalone="yes"?>
<rss version="2.0" xmlns:atom="http://www.w3.org/2005/Atom">
  <channel>
    <title>Blog on 西鱿官方网站</title>
    <link>https://www.seayo.com/blog/</link>
    <description>Recent content in Blog on 西鱿官方网站</description>
    <generator>Hugo -- gohugo.io</generator>
    <language>zh-cn</language>
    <copyright>Copyright (c) 2025 Seayo</copyright>
    <lastBuildDate>Thu, 07 Sep 2023 16:27:22 +0200</lastBuildDate>
    <atom:link href="https://www.seayo.com/blog/index.xml" rel="self" type="application/rss+xml" />
    <item>
      <title>Example Post</title>
      <link>https://www.seayo.com/blog/example-post/</link>
      <pubDate>Thu, 07 Sep 2023 16:27:22 +0200</pubDate>
      <guid>https://www.seayo.com/blog/example-post/</guid>
      <description>You can use blog posts for announcing product updates and features.</description>
    </item>
  </channel>
</rss>
