<?xml version="1.0" encoding="utf-8" standalone="yes"?>
<rss version="2.0" xmlns:atom="http://www.w3.org/2005/Atom">
  <channel>
    <title>梦系列 on 西鱿官方网站</title>
    <link>https://www.seayo.com/categories/%E6%A2%A6%E7%B3%BB%E5%88%97/</link>
    <description>Recent content in 梦系列 on 西鱿官方网站</description>
    <generator>Hugo -- gohugo.io</generator>
    <language>zh-cn</language>
    <copyright>Copyright (c) 2025 Seayo</copyright>
    <lastBuildDate>Wed, 07 Sep 2022 16:27:22 +0200</lastBuildDate>
    <atom:link href="https://www.seayo.com/categories/%E6%A2%A6%E7%B3%BB%E5%88%97/index.xml" rel="self" type="application/rss+xml" />
    <item>
      <title>西鱿梦系列木虾</title>
      <link>https://www.seayo.com/products/dream/</link>
      <pubDate>Wed, 07 Sep 2022 16:27:22 +0200</pubDate>
      <guid>https://www.seayo.com/products/dream/</guid>
      <description>日本伞钩 22g 夜光+UV 带尾鳍稳定器</description>
    </item>
  </channel>
</rss>
