<?xml version="1.0" encoding="utf-8" standalone="yes"?>
<rss version="2.0" xmlns:atom="http://www.w3.org/2005/Atom">
  <channel>
    <title>2023 on 西鱿官方网站</title>
    <link>https://www.seayo.com/catch/2023/</link>
    <description>Recent content in 2023 on 西鱿官方网站</description>
    <generator>Hugo -- gohugo.io</generator>
    <language>zh-cn</language>
    <copyright>Copyright (c) 2025 Seayo</copyright>
    <lastBuildDate>Thu, 07 Sep 2023 16:04:48 +0200</lastBuildDate>
    <atom:link href="https://www.seayo.com/catch/2023/index.xml" rel="self" type="application/rss+xml" />
    <item>
      <title>12.12珠海庙湾岛-2</title>
      <link>https://www.seayo.com/catch/2023/12.12-2/12-12-2/</link>
      <pubDate>Tue, 12 Dec 2023 17:04:48 +0200</pubDate>
      <guid>https://www.seayo.com/catch/2023/12.12-2/12-12-2/</guid>
      <description> 如果你也想在西鱿的网站展示你的鱼获，请点击下面的连接投稿。&#xA;info at seayo dot com&#xD;钓友 黄先生 钓点 中国·广东·珠海·庙湾岛 钓获时间 2023.12.12 使用木虾 龍14 鱼获重量 1.8kg </description>
    </item>
    <item>
      <title>12.12珠海庙湾岛</title>
      <link>https://www.seayo.com/catch/2023/12.12/12-12/</link>
      <pubDate>Tue, 12 Dec 2023 16:04:48 +0200</pubDate>
      <guid>https://www.seayo.com/catch/2023/12.12/12-12/</guid>
      <description> 如果你也想在西鱿的网站展示你的鱼获，请点击下面的连接投稿。&#xA;info at seayo dot com&#xD;钓友 黄先生 钓点 中国·广东·珠海·庙湾岛 钓获时间 2023.12.12 使用木虾 龍08、龍14 鱼获重量 1.8kg </description>
    </item>
    <item>
      <title>12.11汕头南彭2</title>
      <link>https://www.seayo.com/catch/2023/12.11-2/12-11-2/</link>
      <pubDate>Mon, 11 Dec 2023 17:04:48 +0200</pubDate>
      <guid>https://www.seayo.com/catch/2023/12.11-2/12-11-2/</guid>
      <description> 如果你也想在西鱿的网站展示你的鱼获，请点击下面的连接投稿。&#xA;info at seayo dot com&#xD;钓友 大龙 钓点 中国·广东·汕头·南彭 钓获时间 2023.12.11 使用木虾 龍08 鱼获重量 2.3kg </description>
    </item>
    <item>
      <title>12.11汕头南彭</title>
      <link>https://www.seayo.com/catch/2023/12.11/12-11/</link>
      <pubDate>Mon, 11 Dec 2023 16:04:48 +0200</pubDate>
      <guid>https://www.seayo.com/catch/2023/12.11/12-11/</guid>
      <description> 如果你也想在西鱿的网站展示你的鱼获，请点击下面的连接投稿。&#xA;info at seayo dot com&#xD;钓友 大龙 钓点 中国·广东·汕头·南彭 钓获时间 2023.12.11 使用木虾 龍08 鱼获重量 2.3kg </description>
    </item>
    <item>
      <title>12.09深圳东山</title>
      <link>https://www.seayo.com/catch/2023/12.09/12-09/</link>
      <pubDate>Sat, 09 Dec 2023 16:04:48 +0200</pubDate>
      <guid>https://www.seayo.com/catch/2023/12.09/12-09/</guid>
      <description> 如果你也想在西鱿的网站展示你的鱼获，请点击下面的连接投稿。&#xA;info at seayo dot com&#xD;钓友 吴先生 钓点 中国·广东·深圳·东山 钓获时间 2023.12.09 使用木虾 龍10 鱼获重量 2.3kg </description>
    </item>
    <item>
      <title>12.6珠海担杆岛</title>
      <link>https://www.seayo.com/catch/2023/12.6/12.6/</link>
      <pubDate>Wed, 06 Dec 2023 16:04:48 +0200</pubDate>
      <guid>https://www.seayo.com/catch/2023/12.6/12.6/</guid>
      <description> 如果你也想在西鱿的网站展示你的鱼获，请点击下面的连接投稿。&#xA;info at seayo dot com&#xD;钓友 林先生 钓点 中国·广东·珠海·担杆岛 钓获时间 2023.12.6 使用木虾 龍08、龍16 鱼获重量 4.2kg </description>
    </item>
    <item>
      <title>12.6珠海担杆岛2</title>
      <link>https://www.seayo.com/catch/2023/12.6-2/12.6-2/</link>
      <pubDate>Wed, 06 Dec 2023 15:04:48 +0200</pubDate>
      <guid>https://www.seayo.com/catch/2023/12.6-2/12.6-2/</guid>
      <description> 如果你也想在西鱿的网站展示你的鱼获，请点击下面的连接投稿。&#xA;info at seayo dot com&#xD;钓友 林先生 钓点 中国·广东·珠海·担杆岛 钓获时间 2023.12.6 使用木虾 龍10 鱼获重量 4.2kg </description>
    </item>
    <item>
      <title>11.29惠州辣甲</title>
      <link>https://www.seayo.com/catch/2023/11.29/11-29/</link>
      <pubDate>Wed, 29 Nov 2023 16:04:48 +0200</pubDate>
      <guid>https://www.seayo.com/catch/2023/11.29/11-29/</guid>
      <description> 如果你也想在西鱿的网站展示你的鱼获，请点击下面的连接投稿。&#xA;info at seayo dot com&#xD;钓友 黄先生 钓点 中国·广东·惠州·辣甲岛 钓获时间 2023.11.29 使用木虾 龍10 鱼获重量 1.8kg </description>
    </item>
    <item>
      <title>11.19珠海万山岛</title>
      <link>https://www.seayo.com/catch/2023/11-19/</link>
      <pubDate>Sun, 19 Nov 2023 16:04:48 +0200</pubDate>
      <guid>https://www.seayo.com/catch/2023/11-19/</guid>
      <description> 如果你也想在西鱿的网站展示你的鱼获，请点击下面的连接投稿。&#xA;info at seayo dot com&#xD;钓友 郭先生 钓点 中国·广东·珠海·万山群岛 钓获时间 2023.11.19 使用木虾 龍08 鱼获重量 1.8kg </description>
    </item>
  </channel>
</rss>
