<?xml version="1.0" encoding="utf-8" standalone="yes"?>
<rss version="2.0" xmlns:atom="http://www.w3.org/2005/Atom">
  <channel>
    <title>Reference on 西鱿官方网站</title>
    <link>https://www.seayo.com/docs/reference/</link>
    <description>Recent content in Reference on 西鱿官方网站</description>
    <generator>Hugo -- gohugo.io</generator>
    <language>zh-cn</language>
    <copyright>Copyright (c) 2025 Seayo</copyright>
    <lastBuildDate>Thu, 07 Sep 2023 16:13:18 +0200</lastBuildDate>
    <atom:link href="https://www.seayo.com/docs/reference/index.xml" rel="self" type="application/rss+xml" />
    <item>
      <title>Example Reference</title>
      <link>https://www.seayo.com/docs/reference/example-reference/</link>
      <pubDate>Thu, 07 Sep 2023 16:13:18 +0200</pubDate>
      <guid>https://www.seayo.com/docs/reference/example-reference/</guid>
      <description>Reference pages are ideal for outlining how things work in terse and clear terms. Less concerned with telling a story or addressing a specific use case, they should give a comprehensive outline of what your documenting.</description>
    </item>
  </channel>
</rss>
