<?xml version="1.0" encoding="utf-8" standalone="yes"?>
<rss version="2.0" xmlns:atom="http://www.w3.org/2005/Atom">
  <channel>
    <title>页面 on 西鱿官方网站</title>
    <link>https://www.seayo.com/page/</link>
    <description>Recent content in 页面 on 西鱿官方网站</description>
    <generator>Hugo -- gohugo.io</generator>
    <language>zh-cn</language>
    <copyright>Copyright (c) 2025 Seayo</copyright>
    <lastBuildDate>Thu, 07 Sep 2023 16:27:22 +0200</lastBuildDate>
    <atom:link href="https://www.seayo.com/page/index.xml" rel="self" type="application/rss+xml" />
    <item>
      <title>关于我们</title>
      <link>https://www.seayo.com/page/about/</link>
      <pubDate>Tue, 07 Sep 2021 16:27:22 +0200</pubDate>
      <guid>https://www.seayo.com/page/about/</guid>
      <description>西鱿是一家专业设计和制作木虾假饵的品牌，其产品以高品质、逼真度高、色彩鲜艳、易操作等特点而闻名。西鱿的木虾假饵采用优质材料制作，具有良好的耐久性和稳定性，可在各种环境下使用。无论您是钓鱼新手还是经验丰富的老手，西鱿的产品都能满足您的需求，让您更加轻松地享受钓鱼乐趣。 您可以通过以下方式联系到我们。&#xA;联系方式 连接 邮箱 info@seayo.com 网站 www.seayo.com 抖音 抖音连接 facebook Facebook youtube Youtube </description>
    </item>
  </channel>
</rss>
