<?xml version="1.0" encoding="utf-8" standalone="yes"?>
<rss version="2.0" xmlns:atom="http://www.w3.org/2005/Atom">
  <channel>
    <title>西鱿官方网站</title>
    <link>https://www.seayo.com/</link>
    <description>Recent content on 西鱿官方网站</description>
    <generator>Hugo -- gohugo.io</generator>
    <language>zh-cn</language>
    <copyright>Copyright (c) 2025 Seayo</copyright>
    <lastBuildDate>Wed, 07 Aug 2024 16:27:22 +0200</lastBuildDate>
    <atom:link href="https://www.seayo.com/index.xml" rel="self" type="application/rss+xml" />
    <item>
      <title>西鱿梦系列木虾</title>
      <link>https://www.seayo.com/products/dream/</link>
      <pubDate>Wed, 07 Sep 2022 16:27:22 +0200</pubDate>
      <guid>https://www.seayo.com/products/dream/</guid>
      <description>日本伞钩 22g 夜光+UV 带尾鳍稳定器</description>
    </item>
    <item>
      <title>西鱿龍系列木虾</title>
      <link>https://www.seayo.com/products/dragon08/</link>
      <pubDate>Wed, 07 Aug 2024 16:27:22 +0200</pubDate>
      <guid>https://www.seayo.com/products/dragon08/</guid>
      <description>日本伞钩 21g 490nm夜光 带响珠</description>
    </item>
    <item>
      <title>西鱿妖系列木虾</title>
      <link>https://www.seayo.com/products/yao/</link>
      <pubDate>Thu, 07 Sep 2023 16:27:22 +0200</pubDate>
      <guid>https://www.seayo.com/products/yao/</guid>
      <description>日本伞钩 21g</description>
    </item>
    <item>
      <title>西鱿 鱿鱼搭钩</title>
      <link>https://www.seayo.com/products/gaff/</link>
      <pubDate>Thu, 07 Sep 2023 16:27:22 +0200</pubDate>
      <guid>https://www.seayo.com/products/gaff/</guid>
      <description>鱿鱼搭钩</description>
    </item>
    <item>
      <title>木虾专用配重TR 水滴铅坠</title>
      <link>https://www.seayo.com/products/qian/</link>
      <pubDate>Wed, 07 Sep 2022 16:27:22 +0200</pubDate>
      <guid>https://www.seayo.com/products/qian/</guid>
      <description>490nm夜光 快装快拆设计 3g/5g/7g/10g</description>
    </item>
    <item>
      <title>Example Post</title>
      <link>https://www.seayo.com/blog/example-post/</link>
      <pubDate>Thu, 07 Sep 2023 16:27:22 +0200</pubDate>
      <guid>https://www.seayo.com/blog/example-post/</guid>
      <description>You can use blog posts for announcing product updates and features.</description>
    </item>
    <item>
      <title>关于我们</title>
      <link>https://www.seayo.com/page/about/</link>
      <pubDate>Tue, 07 Sep 2021 16:27:22 +0200</pubDate>
      <guid>https://www.seayo.com/page/about/</guid>
      <description>西鱿是一家专业设计和制作木虾假饵的品牌，其产品以高品质、逼真度高、色彩鲜艳、易操作等特点而闻名。西鱿的木虾假饵采用优质材料制作，具有良好的耐久性和稳定性，可在各种环境下使用。无论您是钓鱼新手还是经验丰富的老手，西鱿的产品都能满足您的需求，让您更加轻松地享受钓鱼乐趣。 您可以通过以下方式联系到我们。&#xA;联系方式 连接 邮箱 info@seayo.com 网站 www.seayo.com 抖音 抖音连接 facebook Facebook youtube Youtube </description>
    </item>
    <item>
      <title>12.12珠海庙湾岛-2</title>
      <link>https://www.seayo.com/catch/2023/12.12-2/12-12-2/</link>
      <pubDate>Tue, 12 Dec 2023 17:04:48 +0200</pubDate>
      <guid>https://www.seayo.com/catch/2023/12.12-2/12-12-2/</guid>
      <description> 如果你也想在西鱿的网站展示你的鱼获，请点击下面的连接投稿。&#xA;info at seayo dot com&#xD;钓友 黄先生 钓点 中国·广东·珠海·庙湾岛 钓获时间 2023.12.12 使用木虾 龍14 鱼获重量 1.8kg </description>
    </item>
    <item>
      <title>12.12珠海庙湾岛</title>
      <link>https://www.seayo.com/catch/2023/12.12/12-12/</link>
      <pubDate>Tue, 12 Dec 2023 16:04:48 +0200</pubDate>
      <guid>https://www.seayo.com/catch/2023/12.12/12-12/</guid>
      <description> 如果你也想在西鱿的网站展示你的鱼获，请点击下面的连接投稿。&#xA;info at seayo dot com&#xD;钓友 黄先生 钓点 中国·广东·珠海·庙湾岛 钓获时间 2023.12.12 使用木虾 龍08、龍14 鱼获重量 1.8kg </description>
    </item>
    <item>
      <title>12.11汕头南彭2</title>
      <link>https://www.seayo.com/catch/2023/12.11-2/12-11-2/</link>
      <pubDate>Mon, 11 Dec 2023 17:04:48 +0200</pubDate>
      <guid>https://www.seayo.com/catch/2023/12.11-2/12-11-2/</guid>
      <description> 如果你也想在西鱿的网站展示你的鱼获，请点击下面的连接投稿。&#xA;info at seayo dot com&#xD;钓友 大龙 钓点 中国·广东·汕头·南彭 钓获时间 2023.12.11 使用木虾 龍08 鱼获重量 2.3kg </description>
    </item>
  </channel>
</rss>
